num_nodes,num_arcs,seed,ssp_cost,gurobi_cost,ssp_runtime,gurobi_runtime,augmentation_count,same_objective
20,80,0,210,210.0,0.00018929142970591784,0.0007772080134600401,3,True
20,80,1,60,60.0,6.224948447197676e-05,0.0007321250159293413,1,True
20,80,2,30,30.0,6.031244993209839e-05,0.0005854999180883169,1,True
20,80,3,188,188.0,0.00012687500566244125,0.00065754191018641,2,True
20,80,4,27,27.0,0.00012022885493934155,0.0005332920700311661,2,True
20,80,5,20,20.0,5.808309651911259e-05,0.0006322499830275774,1,True
20,80,6,20,20.0,5.8208475820720196e-05,0.0004982079844921827,1,True
20,80,7,40,40.0,5.597900599241257e-05,0.0004980419762432575,1,True
20,80,8,82,82.0,0.0001752915559336543,0.0007027909159660339,3,True
20,80,9,137,137.0,0.00018345844000577927,0.0005912079941481352,3,True
20,80,10,88,88.0,0.0001221459824591875,0.0005866668652743101,2,True
20,80,11,82,82.0,0.0001845624065026641,0.0005219171289354563,3,True
20,80,12,57,57.0,0.0001207499299198389,0.000519416993483901,2,True
20,80,13,160,160.0,0.00038285390473902225,0.0008109589107334614,6,True
20,80,14,135,135.0,0.00018799991812556982,0.000544707989320159,3,True
20,80,15,110,110.0,5.639554001390934e-05,0.0004941250663250685,1,True
20,80,16,120,120.0,0.00017387489788234234,0.0006276250351220369,3,True
20,80,17,314,314.0,0.00017631205264478922,0.0006665410473942757,3,True
20,80,18,184,184.0,0.00019293755758553743,0.0005328340921550989,3,True
20,80,19,77,77.0,0.0002765209646895528,0.0006604581139981747,4,True
20,80,20,74,74.0,0.00012445845641195774,0.0005382501985877752,2,True
20,80,21,68,68.0,0.00018022896256297827,0.0005140840075910091,3,True
20,80,22,124,124.0,0.00017254147678613663,0.0004911250434815884,3,True
20,80,23,40,40.0,5.445850547403097e-05,0.0004644589498639107,1,True
20,80,24,231,231.0,0.00018268811982125044,0.0004936249461025,3,True
20,80,25,70,70.0,5.983305163681507e-05,0.0005019169766455889,1,True
20,80,26,40,40.0,6.687454879283905e-05,0.0006910830270498991,1,True
20,80,27,180,180.0,0.00023710390087217093,0.0005698339082300663,4,True
20,80,28,225,225.0,0.00023633299861103296,0.0006317088846117258,4,True
20,80,29,126,126.0,0.00012408348266035318,0.0005204589106142521,2,True
20,80,30,10,10.0,5.858344957232475e-05,0.0006506671197712421,1,True
20,80,31,80,80.0,0.00012629164848476648,0.0005416669882833958,2,True
20,80,32,25,25.0,0.00011693709529936314,0.0005429168231785297,2,True
20,80,33,113,113.0,0.00011802057269960642,0.0005404169205576181,2,True
20,80,34,102,102.0,0.00011912500485777855,0.0005079170223325491,2,True
20,80,35,50,50.0,5.918752867728472e-05,0.0005074581131339073,1,True
20,80,36,60,60.0,6.260396912693977e-05,0.0007052919827401638,1,True
20,80,37,50,50.0,6.402062717825174e-05,0.0005347500555217266,1,True
20,80,38,98,98.0,0.00018589606042951345,0.0005272920243442059,3,True
20,80,39,90,90.0,5.8104051277041435e-05,0.00048241601325571537,1,True
20,80,40,112,112.0,0.0001816458534449339,0.0008676249999552965,3,True
20,80,41,102,102.0,0.0001305204350501299,0.0007284590974450111,2,True
20,80,42,76,76.0,0.00013385445345193148,0.0006609170231968164,2,True
20,80,43,167,167.0,0.0002535000676289201,0.0006073340773582458,4,True
20,80,44,20,20.0,6.220838986337185e-05,0.000544083071872592,1,True
20,80,45,103,103.0,0.00018764554988592863,0.0005980839487165213,3,True
20,80,46,160,160.0,0.0002014165511354804,0.0006491669919341803,3,True
20,80,47,100,100.0,6.952148396521807e-05,0.0005747920367866755,1,True
20,80,48,80,80.0,6.400002166628838e-05,0.0012415838427841663,1,True
20,80,49,126,126.0,0.0002144165337085724,0.0006830419879406691,3,True
50,200,0,70,70.0,0.00015300000086426735,0.004163957899436355,1,True
50,200,1,211,211.0,0.0005815206095576286,0.0017927500884979963,4,True
50,200,2,77,77.0,0.00029689609073102474,0.001741916872560978,2,True
50,200,3,217,217.0,0.0002716460730880499,0.0014582090079784393,2,True
50,200,4,121,121.0,0.0002773954765871167,0.001611208077520132,2,True
50,200,5,202,202.0,0.00028408283833414316,0.001431541983038187,2,True
50,200,6,30,30.0,0.00012989540118724108,0.0013007500674575567,1,True
50,200,7,105,105.0,0.00026552064809948206,0.0017193339299410582,2,True
50,200,8,281,281.0,0.0004046664107590914,0.0014756249729543924,3,True
50,200,9,167,167.0,0.0004211666528135538,0.001587082864716649,3,True
50,200,10,131,131.0,0.00028047908563166857,0.0016762909945100546,2,True
50,200,11,50,50.0,0.0001361664617434144,0.00139383296482265,1,True
50,200,12,190,190.0,0.0005611664382740855,0.001461625099182129,4,True
50,200,13,90,90.0,0.0001349165104329586,0.0013347091153264046,1,True
50,200,14,185,185.0,0.0004078545607626438,0.0015969169326126575,3,True
50,200,15,110,110.0,0.0001334374537691474,0.0014120419509708881,1,True
50,200,16,140,140.0,0.00014116684906184673,0.001499667065218091,1,True
50,200,17,96,96.0,0.0006240834482014179,0.0016752909868955612,2,True
50,200,18,203,203.0,0.0014714165590703487,0.005758833140134811,4,True
50,200,19,136,136.0,0.000773124978877604,0.002467875136062503,2,True
50,200,20,142,142.0,0.000444375560618937,0.0032747092191129923,3,True
50,200,21,70,70.0,0.0002497710520401597,0.0015850001946091652,1,True
50,200,22,93,93.0,0.00038791645783931017,0.0014401250518858433,3,True
50,200,23,50,50.0,0.00027058355044573545,0.0014042090624570847,2,True
50,200,24,177,177.0,0.000412687542848289,0.0014428331051021814,3,True
50,200,25,100,100.0,0.000533083570189774,0.0013889581896364689,4,True
50,200,26,199,199.0,0.00043066649232059717,0.0015853329095989466,3,True
50,200,27,123,123.0,0.0005312501452863216,0.0014049580786377192,4,True
50,200,28,102,102.0,0.0002692084526643157,0.0012869169004261494,2,True
50,200,29,130,130.0,0.00014249992091208696,0.0014493749476969242,1,True
50,200,30,200,200.0,0.000392249901778996,0.0014213752001523972,3,True
50,200,31,136,136.0,0.0002736040623858571,0.001335000153630972,2,True
50,200,32,70,70.0,0.0001334785483777523,0.0013308331836014986,1,True
50,200,33,120,120.0,0.00012858340051025152,0.0012952920515090227,1,True
50,200,34,150,150.0,0.0001321870367974043,0.0015236248727887869,1,True
50,200,35,92,92.0,0.00025275046937167645,0.0012825408484786749,2,True
50,200,36,129,129.0,0.00039929139893501997,0.0016075409948825836,3,True
50,200,37,110,110.0,0.00014027056749910116,0.0013512498699128628,1,True
50,200,38,126,126.0,0.00028202112298458815,0.0015119579620659351,2,True
50,200,39,136,136.0,0.0005504579748958349,0.0014992919750511646,4,True
50,200,40,100,100.0,0.00012070802040398121,0.0012597909662872553,1,True
50,200,41,150,150.0,0.00012870854698121548,0.0014506250154227018,1,True
50,200,42,110,110.0,0.00014856294728815556,0.0013812908437103033,1,True
50,200,43,116,116.0,0.00026000000070780516,0.001248957822099328,2,True
50,200,44,107,107.0,0.0005301665514707565,0.0013249588664621115,4,True
50,200,45,167,167.0,0.00039533362723886967,0.001380958128720522,3,True
50,200,46,196,196.0,0.00028670800384134054,0.0014484589919447899,2,True
50,200,47,190,190.0,0.00013391708489507437,0.0013512501027435064,1,True
50,200,48,154,154.0,0.0002558960113674402,0.001440291991457343,2,True
50,200,49,178,178.0,0.0002836459316313267,0.0014041669201105833,2,True
100,400,0,200,200.0,0.00024254200980067253,0.003296041861176491,1,True
100,400,1,140,140.0,0.0007597295334562659,0.003334500128403306,3,True
100,400,2,200,200.0,0.0010532705346122384,0.0032059159129858017,4,True
100,400,3,194,194.0,0.0008079579565674067,0.003140042070299387,3,True
100,400,4,140,140.0,0.0010759789729490876,0.003051375038921833,4,True
100,400,5,125,125.0,0.0004997920477762818,0.0031182500533759594,2,True
100,400,6,138,138.0,0.0012680204818025231,0.0030955420807003975,5,True
100,400,7,105,105.0,0.0005241454346105456,0.00353141687810421,2,True
100,400,8,20,20.0,0.00026564544532448053,0.0033652500715106726,1,True
100,400,9,180,180.0,0.0002699998440220952,0.0030523750465363264,1,True
100,400,10,184,184.0,0.0005300205666571856,0.0030072079971432686,2,True
100,400,11,190,190.0,0.0005286459345370531,0.0033579999580979347,2,True
100,400,12,213,213.0,0.0008233333937823772,0.003167083952575922,3,True
100,400,13,80,80.0,0.0002468959428369999,0.003100625006482005,1,True
100,400,14,120,120.0,0.0007864583749324083,0.0031774169765412807,3,True
100,400,15,171,171.0,0.0009939165320247412,0.0029957909137010574,4,True
100,400,16,310,310.0,0.00025906204245984554,0.0034244998823851347,1,True
100,400,17,180,180.0,0.0005316665628924966,0.003359665861353278,2,True
100,400,18,100,100.0,0.0002593954559415579,0.0027464579325169325,1,True
100,400,19,132,132.0,0.0004974164767190814,0.0029039590153843164,2,True
100,400,20,156,156.0,0.0007924588862806559,0.0028809169307351112,3,True
100,400,21,274,274.0,0.0007754163816571236,0.003074042033404112,3,True
100,400,22,125,125.0,0.0010901880450546741,0.011752750026062131,4,True
100,400,23,55,55.0,0.00149522942956537,0.006298874970525503,2,True
100,400,24,170,170.0,0.00024158344604074955,0.0031947919633239508,1,True
100,400,25,132,132.0,0.0008322501089423895,0.0029947077855467796,2,True
100,400,26,178,178.0,0.0005517710233107209,0.0029912919271737337,2,True
100,400,27,116,116.0,0.0005827915156260133,0.003121666144579649,2,True
100,400,28,179,179.0,0.001366187585517764,0.0032233339734375477,5,True
100,400,29,176,176.0,0.000870937597937882,0.0035423750523477793,3,True
100,400,30,190,190.0,0.001057979417964816,0.0032617920078337193,4,True
100,400,31,152,152.0,0.0005470000905916095,0.0031049158424139023,2,True
100,400,32,170,170.0,0.0008506040321663022,0.003495375160127878,3,True
100,400,33,100,100.0,0.0002506250748410821,0.0029475840274244547,1,True
100,400,34,151,151.0,0.0008117080433294177,0.0031022080220282078,3,True
100,400,35,144,144.0,0.0005581665318459272,0.003288041101768613,2,True
100,400,36,84,84.0,0.000514833489432931,0.0030553750693798065,2,True
100,400,37,236,236.0,0.0013384375488385558,0.003010875079780817,5,True
100,400,38,194,194.0,0.0005207500653341413,0.0030849159229546785,2,True
100,400,39,267,267.0,0.0010294789681211114,0.0031420420855283737,4,True
100,400,40,207,207.0,0.0007910421118140221,0.0029989578761160374,3,True
100,400,41,188,188.0,0.0005309375701472163,0.002911665942519903,2,True
100,400,42,202,202.0,0.0005238959565758705,0.0029172080103307962,2,True
100,400,43,182,182.0,0.0008445209823548794,0.00351704191416502,3,True
100,400,44,170,170.0,0.0002647920046001673,0.003343291813507676,1,True
100,400,45,125,125.0,0.0007760419975966215,0.003074292093515396,3,True
100,400,46,188,188.0,0.0010095624020323157,0.0029340831097215414,4,True
100,400,47,299,299.0,0.0007442086935043335,0.003333417000249028,3,True
100,400,48,147,147.0,0.0005136249819770455,0.0029646249022334814,2,True
100,400,49,185,185.0,0.0007638540118932724,0.0033621250186115503,3,True
200,800,0,121,121.0,0.0012373124482110143,0.009223333094269037,2,True
200,800,1,180,180.0,0.0005697285523638129,0.008408791152760386,1,True
200,800,2,217,217.0,0.001905291574075818,0.009563207859173417,3,True
200,800,3,233,233.0,0.001913020620122552,0.008165125036612153,3,True
200,800,4,198,198.0,0.002618625061586499,0.008217124966904521,4,True
200,800,5,149,149.0,0.0012676039477810264,0.00768854096531868,2,True
200,800,6,226,226.0,0.0032963749254122376,0.008167542051523924,5,True
200,800,7,150,150.0,0.0006196460453793406,0.007653792155906558,1,True
200,800,8,259,259.0,0.00335847947280854,0.008141041034832597,5,True
200,800,9,231,231.0,0.003386270604096353,0.020008291117846966,5,True
200,800,10,190,190.0,0.001168520888313651,0.011532291071489453,1,True
200,800,11,227,227.0,0.003158771083690226,0.0077010418754071,5,True
200,800,12,215,215.0,0.0024412914644926786,0.008175208000466228,4,True
200,800,13,153,153.0,0.0024983545299619436,0.008235750021412969,4,True
200,800,14,150,150.0,0.0005443334812298417,0.007808333029970527,1,True
200,800,15,160,160.0,0.0017594584496691823,0.00835183309391141,3,True
200,800,16,202,202.0,0.0024127084761857986,0.007970541017130017,4,True
200,800,17,204,204.0,0.0011680839816108346,0.0079754579346627,2,True
200,800,18,260,260.0,0.0005335415480658412,0.007894125068560243,1,True
200,800,19,170,170.0,0.0005343538941815495,0.007534625008702278,1,True
200,800,20,246,246.0,0.0025168750435113907,0.008311582962051034,4,True
200,800,21,339,339.0,0.0023118130629882216,0.008045915979892015,4,True
200,800,22,90,90.0,0.0005390413571149111,0.008003499824553728,1,True
200,800,23,116,116.0,0.0018139169551432133,0.0076259172055870295,3,True
200,800,24,194,194.0,0.0012282920069992542,0.007475458085536957,2,True
200,800,25,144,144.0,0.0012461879523470998,0.007913290988653898,2,True
200,800,26,281,281.0,0.0012927704956382513,0.007981708971783519,2,True
200,800,27,170,170.0,0.0005440828390419483,0.007578124990686774,1,True
200,800,28,145,145.0,0.0024767291033640504,0.008114834083244205,4,True
200,800,29,147,147.0,0.0030603124760091305,0.008152874885126948,5,True
200,800,30,199,199.0,0.0024533545365557075,0.008155165938660502,4,True
200,800,31,246,246.0,0.0011576665565371513,0.008099958067759871,2,True
200,800,32,40,40.0,0.0005178960273042321,0.007978874957188964,1,True
200,800,33,224,224.0,0.0012252085143700242,0.007769291987642646,2,True
200,800,34,309,309.0,0.00314625003375113,0.007979959016665816,5,True
200,800,35,310,310.0,0.0018954165279865265,0.008459666976705194,3,True
200,800,36,131,131.0,0.0011835625628009439,0.008078709011897445,2,True
200,800,37,196,196.0,0.0013074794551357627,0.008106583030894399,2,True
200,800,38,253,253.0,0.0019248954486101866,0.00783062493428588,3,True
200,800,39,150,150.0,0.000543208559975028,0.00823583290912211,1,True
200,800,40,193,193.0,0.001911270897835493,0.008167874999344349,3,True
200,800,41,196,196.0,0.0011827289126813412,0.022634583991020918,2,True
200,800,42,213,213.0,0.0034745209850370884,0.007953499909490347,5,True
200,800,43,330,330.0,0.002397958538495004,0.008197500137612224,4,True
200,800,44,181,181.0,0.0031999374041333795,0.00839941599406302,5,True
200,800,45,209,209.0,0.0018617919413372874,0.008028540993109345,3,True
200,800,46,160,160.0,0.0005729584954679012,0.008255916880443692,1,True
200,800,47,206,206.0,0.0011718336027115583,0.0076407501474022865,2,True
200,800,48,220,220.0,0.001267833518795669,0.008057957980781794,2,True
200,800,49,166,166.0,0.001923437463119626,0.008239750051870942,3,True
